id,question
1,What are some of the must-visit museums in Paris that house famous works of art?
1,Is it more convenient to explore Paris on foot or rely on public transportation?
1,Are there specific seasons or months when the city's scenery is particularly beautiful?
1,What are some sweet and delicious treats that I should try when visiting Paris?
1,What are some tips for getting a good view of the city from a high vantage point?
2,What are the geographical coordinates of the destination I am planning to visit?
2,Can you recommend the best months of the year to travel to my destination?
2,What are the options I have for getting around my destination?
2,What are the must-try foods when I visit my destination?
2,What are some popular cultural attractions I should not miss when visiting my destination?
3,"What are some great activities to do in the city, besides visiting popular attractions?"
3,How can I efficiently explore Central Park during my visit?
3,What can I expect the scenery to be like when visiting during the best times of the year?
3,Are there any must-try foods or desserts that are native to the local cuisine?
3,What options are available for me to get around the city without a rental car?
4,"What should I do to avoid the crowds at The Colosseum in Rome, Italy?"
4,"When is the most ideal period to visit Rome, Italy and why?"
4,"What local Italian dishes should I try when visiting Rome, Italy?"
4,"What type of cultural heritage can I expect to experience in Rome, Italy?"
4,"What options do I have for getting around Rome, Italy during my trip?"
5,What is the best way to experience Table Mountain if I don't have a lot of time?
5,"What are some must-try foods when visiting Cape Town, South Africa?"
5,Can you recommend some activities to do in Cape Town aside from visiting popular attractions?
5,What time of the year would be ideal to visit Cape Town if I want to make the most of my trip?
5,Are there any alternative ways to get around the city aside from driving a car?
6,What are the popular attractions I can visit during my trip to Sydney?
6,Are there any cultural festivals or events held in Sydney during the month of January?
6,Is surfing available as an activity option throughout the year in Sydney?
6,How do I travel from one place to another in Sydney?
6,What are some popular Australian dishes I need to try when I visit Sydney?
7,Could you please share some popular attractions I can visit in Barcelona?
7,What are some recommended times to plan my visit to Barcelona for optimal experience?
7,"I would like to try some local food, could you tell me a bit about Barcelona's local cuisine highlights?"
7,How do I get around the city without any hassle?
7,Are there any recommended activities I need to try during my stay in Barcelona?
8,What time of day is recommended to visit popular attractions in Istanbul for a more peaceful experience?
8,"I am planning to visit Istanbul in November, is this a good time to go?"
8,What types of activities can I enjoy on the Bosphorus while in Istanbul?
8,What are some local foods that I should try while traveling in Istanbul?
8,What forms of transportation are available in Istanbul for getting around the city?
9,What is the name of the popular dish made from stir-fried rice noodles that I can try in Bangkok?
9,What time of the year is best suited for visiting Bangkok in terms of weather and other conditions?
9,How can I stay safe from waterborne diseases when I am traveling to Bangkok?
9,What are the main transportation options that I can use to get around the city when I am in Bangkok?
9,What are the must-visit attractions that I should include in my itinerary when I am traveling to Bangkok?
10,"What is the best time of the year to experience Carnival in Rio de Janeiro, Brazil?"
10,"I'm looking for local restaurants in Rio, can you name some traditional Brazilian food I should try?"
10,"I want to explore Rio without getting lost, what transportation options are recommended for tourists?"
10,Are there any fun and unique activities I can participate in during my trip to Rio?
10,"What language do locals speak in Rio de Janeiro, should I learn some key phrases before my trip?"
11,What month range is ideal for visiting London?
11,How do you recommend planning a day at the British Museum?
11,What are some of the highlights of England's diverse cultural heritage in London?
11,Are there any unique meal options that one should try while in London?
11,What are some of England's most popular attractions that are accessible by walking in London?
12,"What are some popular dishes I should try when visiting Berlin, Germany?"
12,What type of transportation options are available for getting around Berlin?
12,What are some must-see attractions in Berlin that I shouldn't miss?
12,What months are ideal for visiting Berlin to enjoy pleasant weather?
12,What unique experiences or activities are available to explore Berlin's culture?
13,"What time of the year is best suited for visiting Madrid, Spain?"
13,Are there any specific local delicacies that I should try during my visit?
13,What are some of the most famous museums in Madrid that I shouldn't miss?
13,What are some of the public transportation options available in Madrid?
13,Are there any cultural performances or shows that I can attend during my visit?
14,What are the best months to visit Singapore for favorable weather?
14,What time of day is recommended to visit Gardens by the Bay?
14,What types of public transportation are available in Singapore?
14,What are the names of two popular local dishes to try in Singapore?
14,What are the names of the two official languages spoken in Singapore?
15,What are some must-try local dishes when visiting Cairo?
15,Are there any tips for getting the most out of my visit to the pyramids in Cairo?
15,What are the primary languages spoken by the locals in Cairo?
15,What is the best way to travel around the city of Cairo?
15,What time of the year is recommended for visiting Cairo?
16,"What are the must-visit places for nature lovers in Bangalore, India?"
16,Are there any specific instructions for visiting Lalbagh in Bangalore?
16,Which months of the year offer the best weather conditions for a visit to Bangalore?
16,Is there any local public transportation available for tourists in Bangalore?
16,What local delicacies should I try when I am in Bangalore?
17,What are the local specialties I should try when I visit Seoul?
17,What is the recommended duration for visiting Gyeongbokgung Palace in Seoul?
17,What are the major attractions I can visit in Seoul apart from Gyeongbokgung Palace?
17,"How do I navigate the city of Seoul, are there English-speaking taxi drivers?"
17,What type of activities can I take part in to experience the culture of Seoul?
18,What are some popular things to see and do while visiting Amsterdam?
18,Can I easily walk around the city or are there other forms of transportation available?
18,"What food should I try while in Amsterdam, the Netherlands?"
18,What months are generally considered the best time to plan a trip to Amsterdam?
18,Are there any unique ways to experience the city's scenery that I should consider?
19,What time of the year is ideal for visiting Buenos Aires?
19,Can you recommend some popular places to visit in Buenos Aires?
19,How can I experience the authentic local culture in Buenos Aires?
19,Are there any traditional dance lessons available in Buenos Aires?
19,What are some must-try dishes when visiting Buenos Aires?
20,What is a fun way to get around Lisbon?
20,What tram route would you recommend for scenic views?
20,When is the best time to visit Lisbon for good weather?
20,What are some must try local dishes when visiting Lisbon?
20,What are some popular attractions near the city center of Lisbon?
21,What is the best time to visit Prague in order to fully enjoy the city's attractions?
21,What are some of the must-try dishes when visiting Prague?
21,What makes Charles Bridge a unique and unmissable attraction?
21,How can we get around the city of Prague to explore its many attractions?
21,What are some popular events or activities that can be enjoyed on the rivers of Prague?
22,"What time of year is considered best to plan a trip to Moscow, Russia?"
22,What modes of public transportation are available for getting around the city of Moscow?
22,Are there any historical landmarks to see while visiting Moscow?
22,What local Russian dishes should I try during my visit to Moscow?
22,What activities can I expect to experience during my visit to Moscow?
23,What are some must-try foods when I visit the city?
23,"I'll be visiting in October, is that a good time?"
23,How can I get around the city using public transport?
23,What are some unique cultural experiences I can expect to have?
23,Are there any beautiful scenic spots to watch the sunset in the city?
24,What are the GPS coordinates of Auckland for planning my itinerary?
24,"What local foods should I try during my trip to Auckland, New Zealand?"
24,What are the recommended activities I can enjoy in Auckland?
24,Which options do I have for traveling around Auckland?
24,What type of attractions can I expect to see on Waiheke Island near Auckland city?
25,What is the most ideal period to visit Honolulu to avoid the crowds?
25,Can I walk around the popular tourist spots in Honolulu or are there other options available?
25,What are the ocean activities I can enjoy in Honolulu?
25,Are there any recommended sunrise spots in Honolulu that I shouldn't miss?
25,What type of cuisine can I expect to find in the local restaurants of Honolulu?
26,What are some must-visit attractions in Mumbai?
26,How can I get around the city while I'm visiting?
26,What local dishes should I try while in Mumbai?
26,At what time of day would be best to take a photo at the Gateway of India?
26,What are some unique experiences I can have in Mumbai?
27,"What type of cuisine can I expect to find when visiting Johannesburg, South Africa?"
27,What months of the year provide the best time to visit Johannesburg?
27,What language options are available for tourists in Johannesburg?
27,What type of activities can I participate in while visiting Johannesburg?
27,What are some popular local attractions I should consider visiting in Johannesburg?
28,"What are some popular attractions to visit in Copenhagen, Denmark?"
28,What type of activities can I expect to find in the city?
28,"What is the local cuisine in Copenhagen, and what dishes should I try?"
28,What is the best time to visit Copenhagen to get the most out of my trip?
28,What are the most common transportation options available in Copenhagen?
29,What time of the year is it best to visit this destination to enjoy the city's festivities and pleasant weather?
29,What are some of the must-try dishes I should order when I visit this destination?
29,Where can I find unique shopping experiences and local goods during my stay?
29,What type of transportation can I use to travel across the city efficiently?
29,What type of cultural experiences and historical landmarks can I expect to find when I visit this destination?
30,What is the recommended time of year to visit Oslo?
30,What modes of public transportation are available in Oslo?
30,What are some popular outdoor activities available in Oslo?
30,What are the top recommendations for must-see places in Oslo?
30,What local foods should I try while visiting Oslo?
31,What are the must-visit attractions in Dubai and what is the recommended transport to get there?
31,What are the most recommended dishes to try during a visit to Dubai?
31,What is the best time of the year to visit Dubai and why?
31,"What are the top activities to experience in Dubai, other than visiting the famous landmarks?"
31,What languages are predominantly spoken in Dubai and are there any cultural events not to be missed?
32,What are the best months to visit the destination I'm traveling to?
32,Is there a specific traditional local dish I should try while I'm in Shanghai?
32,Are there any scenic nighttime spots I should check out in the city?
32,What type of transportation options will be available to me in Shanghai?
32,Can I get by with only speaking English during my trip?
33,What are the high points of local food to experience when visiting Melbourne?
33,Is English the primary language used by locals in Melbourne?
33,What are some ways to get around the city of Melbourne?
33,What types of exciting activities can be done in Melbourne?
33,What are some must-visit sites to see in Melbourne?
34,What is the best method to fully appreciate the historic center in Quito?
34,What months are recommended to travel to Quito to enjoy favorable weather?
34,Where can I find the typical llapingachos dishes when I visit Quito?
34,How do I best get around Quito to explore its cultural heritage without a car?
34,What should I expect from the local festivals celebrating Andean culture in Quito?
35,What are some recommended times for going on a wildlife safari in Nairobi?
35,Can I use the local public transportation options to get to the popular attractions?
35,What time of the year should I visit Nairobi to avoid the rainy season?
35,Are there any conservation efforts supported by popular attractions in Nairobi?
35,Can I get by with just speaking English during my trip to Nairobi?
36,"What are the top recommended dishes to try when visiting Reykjavik, Iceland?"
36,What mode of transportation is most convenient for getting around in Reykjavik?
36,"What are the must-see attractions in Reykjavik, Iceland?"
36,"What are some unique activities that can be done in Reykjavik, Iceland?"
36,"What is the best time of the year to experience the Northern Lights in Reykjavik, Iceland?"
37,What time of the year would be ideal to visit Manila in terms of weather?
37,What is the mode of public transportation that one can commonly use to get around Manila?
37,"I'm looking forward to trying Filipino food, what local dishes should I not miss?"
37,What is the historical site where I can appreciate the ancient architecture in Manila?
37,What are some activities available that would help me learn more about the city's rich history?
38,What time of day do you recommend visiting the rice terraces in Bali to get the best photos?
38,"I am traveling to Bali in March, should I consider rescheduling my trip to experience the best weather?"
38,What types of transportation can I use to get to Ubud Monkey Forest from my hotel?
38,Are there any popular local dishes in Bali that I should try while I'm there?
38,What are some popular activities I can participate in that allow me to connect with Bali's spiritual side?
39,"What are some must-try dishes when visiting Moscow, Russia?"
39,"Which time of the year is ideal to plan a trip to Moscow, Russia?"
39,"What are the most convenient modes of transportation to get around Moscow, Russia?"
39,How can I gain a deeper understanding of Moscow's historical buildings?
39,What makes Moscow's art scene so unique and worth exploring?
40,What is the best way to get a deeper understanding of the pyramids and historical sites in Cairo?
40,What are some popular attractions in Cairo that are a must visit?
40,I am planning a trip to Cairo and would like to know what is the best time to visit the city.
40,Can you please suggest some local cuisine that I should try when visiting Cairo?
40,I'm planning to travel to Cairo. What method of transport is available to get around the city?
41,What are some of the top attractions I can visit in Casablanca?
41,What are some of the cultural highlights that I can experience in Casablanca?
41,What is the best way for me to get around the city of Casablanca?
41,What are some of the local dishes that I should try while I'm in Casablanca?
41,What are the most ideal months to plan a trip to Casablanca?
42,What are the local specialties I should try when visiting Abu Dhabi?
42,What is the best time of day to view the Sheikh Zayed Mosque?
42,What kind of transportation options will I have in Abu Dhabi?
42,What are some popular attractions I should visit in Abu Dhabi?
42,What type of activities can I experience in Abu Dhabi?
43,What is the best time of the year to plan a trip to Copenhagen for a great experience?
43,What are some popular Danish dishes that I should try when I visit Copenhagen?
43,What are some attractions that I shouldn't miss when I visit Copenhagen city?
43,Are there any alternative transportation options in Copenhagen besides walking?
43,"What is the local language spoken in Copenhagen, and is it useful for tourists to learn?"
44,What is the most recommended time to visit to make the most out of the trip to Naples?
44,What are some of the top must-try dishes when visiting Naples?
44,Are there any specific sites near Naples that are famous for their historical significance?
44,What are the main options for getting around the city of Naples?
44,What are some of the local cultural practices that make Naples unique?
45,"What are some must-try local foods when visiting Stockholm, Sweden?"
45,How much time is recommended for exploring the Vasa Museum?
45,What language should I prepare to communicate with locals during my trip to Stockholm?
45,Which months are ideal for planning a trip to Stockholm for the best experience?
45,Are there any scenic and historic districts worth exploring during my visit to Stockholm?
46,What is the user's opinion about the thermal baths in Budapest?
46,What is the most recommended thermal bath for a unique experience in Budapest?
46,What time of the year is the most suitable for visiting Budapest?
46,What are some popular dishes in the local cuisine of Budapest that I should try?
46,What are some of the popular transportation options I can use to get around Budapest?
47,"What are some must-try dishes I should experience during my trip to Lima, Peru?"
47,Are there any cultural events that I can participate in during my visit to Lima?
47,What modes of transportation can I use to get around Lima?
47,"What are the geographical coordinates of Lima, Peru?"
47,"I'm planning to visit Machu Picchu, what time of the year would be the best to visit?"
48,What is the best time to plan a visit to Kuwait City to avoid the hot summer?
48,"Are there any historic sites near the location coordinates 29.3759° N, 47.9774° E that are famous for their sunset views?"
48,"Apart from the usual sightseeing activities, what adventures can I enjoy in Kuwait City?"
48,"What traditional Kuwaiti dishes should I try while I am there, and where can I sample them?"
48,What are some popular forms of public or private transportation available to tourists in Kuwait City?
49,What is the best time to travel to Dar Es Salaam for good weather and pleasant experience?
49,Can you tell me about some of the traditional Tanzanian dishes that I can try in Dar Es Salaam?
49,Which popular transportation options can I use to get around the city of Dar Es Salaam?
49,I am interested in exploring the cultural highlights of Dar Es Salaam. Can you suggest some attractions to visit?
49,What are some recommended activities available for beach lovers like me in the Dar Es Salaam area?
50,What are some of the main local dishes I should try when visiting Abidjan?
50,What are the names of some popular attractions to visit in Abidjan?
50,What modes of public transportation are available to get around Abidjan?
50,What is the best time of the year to plan a visit to Abidjan?
50,What are some typical cultural events I can experience during my visit to Abidjan?
51,What are some popular attractions that I should not miss in Montevideo?
51,What types of food and drinks are typically served in local Uruguayan restaurants?
51,"I am planning a trip to Montevideo, is the city safe to explore on foot?"
51,What is the best time of the year to plan my vacation in Montevideo?
51,What activities can I do to experience the culture and history of Montevideo?
52,"What are some popular places I should visit when I travel to La Paz, Bolivia?"
52,What kind of local foods should I expect to find during my visit to La Paz?
52,What is the best way to get around La Paz when I'm there?
52,What are the cultural highlights that I should experience while in La Paz?
52,When is the optimal time of year to travel to La Paz for the best views?
53,"What local dishes should I definitely try when visiting Maputo, Mozambique?"
53,"What are some of the top attractions to check out in Maputo, Mozambique?"
53,What kinds of tours can I go on to learn more about the city and its culture?
53,"Which months are best for a trip to Maputo, Mozambique?"
53,"What are some common modes of transport to get around Maputo, Mozambique?"
54,"What are the UNESCO World Heritage Sites I can visit in Tunis, Tunisia?"
54,"Can you provide me with a travel tip to make the most of my time in Tunis, Tunisia?"
54,"What is the best time of the year for visiting Tunis, Tunisia if I want to avoid extreme temperatures?"
54,"How do I get around the city using public transportation while in Tunis, Tunisia?"
54,"What are the must-try dishes I should experience while sampling the local cuisine in Tunis, Tunisia?"
55,What are the best months to travel to this destination for ideal safari and cultural experiences?
55,What mode of local transportation is recommended for traveling within the city?
55,What are some of the local dishes available for tourists to try during their trip?
55,What times of the day are most suitable for planning a wildlife safari in this destination?
55,What local organizations or attractions in this destination are committed to wildlife conservation and how can tourists get involved?
56,"What are some must-try dishes when visiting the local restaurants in Nassau, Bahamas?"
56,"Are there any seasonal periods recommended for traveling to Nassau, Bahamas?"
56,"Can you recommend any popular activities for adventurous travelers in Nassau, Bahamas?"
56,"What is the primary mode of public transportation used by locals in Nassau, Bahamas?"
56,"What languages are commonly spoken by the locals in Nassau, Bahamas that a traveler could use during their trip?"
57,"What is the location of Cartagena, Colombia in terms of latitude and longitude?"
57,"When is the recommended time of the year to travel to Cartagena, Colombia?"
57,"What types of activities can I participate in during my stay in Cartagena, Colombia?"
57,What local Colombian dishes should I try while I'm in Cartagena?
57,"What method of transportation would you recommend for exploring Cartagena, Colombia?"
58,"What are some popular local dishes I should try while visiting Tbilisi, Georgia?"
58,What's the best way to get around the city once I arrive in Tbilisi?
58,What are some popular attractions in Tbilisi that I shouldn't miss?
58,Is there a specific time of the year that is recommended to visit Tbilisi?
58,What's a local product or activity that I should definitely try when visiting the region of Tbilisi?
59,"What are some local food options that I should try while visiting Harare, Zimbabwe?"
59,What time of year is best to plan a trip to Harare?
59,Are there any nearby outdoor attractions for me to enjoy nature walks in Harare?
59,"What type of transportation can I expect to find in Harare, Zimbabwe?"
59,What are some popular attractions to visit outside of the city center in Harare?
60,What are some famous attractions I shouldn't miss when I visit Accra?
60,Are there any traditional dishes that I should try while in Accra?
60,What is the best time of year to plan my trip to Accra for the best experience?
60,Are there public transportation options available for people to get around Accra?
60,What can I expect from the local events in Accra during my stay?
61,What is the ideal time of day to visit Marina Beach in Chennai to enjoy pleasant weather?
61,What are some of the most well-known local dishes I should try during my visit to Chennai?
61,I will be visiting Chennai in March; will I still be able to enjoy my trip or would it be better to go another time?
61,Are there any culturally or historically significant sites or landmarks in Chennai that are a must-visit?
61,What forms of public transportation can I use to get around the city of Chennai during my visit?
62,"What is the local cuisine like in Zanzibar, Tanzania?"
62,Can you recommend any specific attractions in Zanzibar that showcase its history and culture?
62,"Is Stone Town worth visiting, and what are some must-see places within it?"
62,What are the primary modes of public transportation available in Zanzibar?
62,What are the recommended months to visit Zanzibar for ideal weather conditions?
63,What are the exact geographical coordinates for Bermuda that I can enter into my GPS?
63,Can you tell me the most recommended time of the year to visit Bermuda in terms of events and overall experience?
63,What are some unique local dishes I can expect to enjoy during my stay in Bermuda?
63,Are there any essential precautionary measures or basic safety guidelines for visitors exploring the caves in Bermuda?
63,What is the primary mode of public transportation that visitors typically use to get around the island?
64,"What are the best times to plan my trip to San Jose, Costa Rica?"
64,"What are some local dishes that I should try while visiting San Jose, Costa Rica?"
64,"How can I get around San Jose, Costa Rica once I arrive?"
64,Are there specific events or festivals I can participate in during my trip?
64,"What are some popular places to visit during my stay in San Jose, Costa Rica?"
65,What is a must-visit place in Skopje's Old Bazaar area?
65,"What months are advised for traveling to Skopje, North Macedonia?"
65,What is a recommended dish to try at local restaurants in Skopje?
65,"How can I get around the city of Skopje, North Macedonia?"
65,What type of activities and attractions can I expect to find in Skopje?
66,What are some popular attractions in the area that I shouldn't miss during my trip?
66,"Can I expect to try some local specialties while traveling there, and if so, what are they?"
66,How do locals typically greet and welcome tourists given the cultural highlights of this destination?
66,"Are there any celebrations I can look forward to, and what's the atmosphere like during these events?"
66,I'm worried about getting around; are there taxis readily available and how do people usually travel?
67,What are some traditional dishes I should try when visiting Serbia?
67,What attraction should I visit to see historical landmarks?
67,"I'm planning my trip to Serbia, when is the best time of the year to go?"
67,What area of Belgrade has a bohemian vibe and what can I do there?
67,How can I get around the city once I arrive in Serbia?
68,What are some unique experiences I can have during my trip to Nairobi?
68,What is the best time of the year to visit Nairobi?
68,What type of local food can I expect to find in Nairobi?
68,How can I get around Nairobi during my trip?
68,What type of language will I need to speak to communicate with locals in Nairobi?
69,What is the best time of year to visit Athens in terms of the weather?
69,What are some must-try dishes that can be found in the local cuisine of Athens?
69,Are there any museums in Athens that are popular among tourists?
69,What types of tours can I join to explore the historical side of Athens?
69,What are the different ways to move around the city in Athens?
70,What time of the year would be ideal for visiting Boston to avoid most harsh weather conditions?
70,What shoes should I wear to ensure a comfortable trip while walking in Boston?
70,What are some of the main local food dishes to try in Boston for an authentic dining experience?
70,"How can I get around Boston using public transportation, if I don't have a car?"
70,"Are there any historical sports gatherings I could attend, or are they mostly tours or exhibitions?"
71,What time of the year is the most recommended for visiting Prahy?
71,What is the name of the famous clock that a visitor should not miss in Prague?
71,What are some unique foods or drinks that one must try while in Prague?
71,What modes of public transportation are commonly available in Prague?
71,What cultural aspects can a visitor look forward to exploring while in Prague?
72,What should I prioritize to experience the Atomium to its fullest potential?
72,What time of year is recommended to travel to Brussels?
72,Can you tell me the location of Brussels using coordinates?
72,What type of food is special to the people of Brussels?
72,What transportation options can I find to get around Brussels?
73,What is unique about the beaches in this destination?
73,When is the most recommended time to experience the city's festivities?
73,Are there any popular cheese-based dishes in the local cuisine?
73,What are the available alternatives for getting around the city?
73,"What is the main event that attracts tourists to Rio, making the experience unforgettable?"
74,What activities can I do in Auckland that can get my adrenaline pumping?
74,What are some popular attractions I can visit on Waiheke Island in Auckland?
74,What types of cuisine should I expect to try during my visit to Auckland?
74,Can I get by without speaking the local language of Māori during my trip to Auckland?
74,Are there any options for exploring the city by public transportation or on foot?
75,"What are the coordinates of Seattle, and in which part of the world is it located?"
75,"What time of day is best to visit the Pike Place Market, and what is the market experience like?"
75,"What transportation options are available in Seattle, and which one is best for short trips?"
75,"What is the primary language spoken in Seattle, and what are the area's most notable cultural influences?"
75,What are the names of the two most famous attractions in Seattle that I shouldn't miss during my visit?
76,"What are the popular attractions that I can visit when I travel to Stockholm, Sweden?"
76,"Can you recommend the peak season of the year that I should consider when planning my trip to Stockholm, Sweden?"
76,"What forms of public transportation are available in Stockholm, Sweden, and should I consider for my travel?"
76,"What are some traditional local foods that I should try during my visit to Stockholm, Sweden?"
76,"What are the top cultural aspects that I should know before traveling to Stockholm, Sweden, to appreciate the local heritage?"
77,What is the best way to get a good view from Table Mountain in Cape Town?
77,"What are some local dishes I should try while visiting Cape Town, South Africa?"
77,When would be the best time for me to travel to Cape Town?
77,What is the primary way to travel to places of interest in Cape Town?
77,What kinds of activities can I do besides sightseeing in Cape Town?
78,What are the must-try dishes when visiting Manila?
78,What is the best way to experience the beautiful view of Manila Bay?
78,What are the most popular transportation options in Manila?
78,What time of year is recommended to visit Manila?
78,What are the historical significance and cultural heritage that I can experience in Manila?
79,What are the interesting historical sites in New Delhi that I shouldn't miss?
79,What months are recommended for visiting New Delhi considering the weather?
79,What transportation options are available in New Delhi if I prefer a ride with multiple people?
79,What local dishes should I try to experience the authentic taste of the area?
79,What languages can locals in New Delhi understand if I need to ask for directions?
80,"What is one place in Lagos, Nigeria that was positively reviewed by a user and what did they like about it?"
80,"What are two of the popular foods I can expect to eat during my visit to Lagos, Nigeria?"
80,"What modes of public transportation can I use to get around Lagos, Nigeria?"
80,"In what months is Lagos, Nigeria considered a good time to visit and why?"
80,"What are the names of a couple of the popular attractions that can be visited in Lagos, Nigeria?"
81,What is a must-visit market to experience the local culture in Cairo?
81,Can I walk safely in Cairo or are there other recommended modes of transportation?
81,What is a recommended period of the year to travel to Cairo for pleasant weather?
81,Are there any specific skills that would help me get good deals on souvenirs in Cairo?
81,What are the names of some popular local dishes I should try during my visit to Cairo?
82,What are some must-try local foods in Vancouver?
82,What modes of public transportation are available in Vancouver?
82,What time of the year is ideal for outdoor activities in Vancouver?
82,What languages are spoken by the locals in Vancouver?
82,What are some popular outdoor activities available in Vancouver?
83,What are some of the must-see attractions in Berlin that I shouldn't miss out on?
83,What are some local dishes that I should try while visiting Berlin?
83,How can I get around the city during my stay in Berlin?
83,What are some activities that I can do in Berlin at night?
83,What is the best time to plan a trip to Berlin to explore the city's attractions?
84,What is the name of the famous experience I have to try in Reykjavik?
84,How can I make sure I visit the Blue Lagoon during my trip to Reykjavik?
84,When can I best expect to see some unique landscapes and enjoy the natural beauty of Reykjavik?
84,What are some of the local Icelandic dishes I should try while visiting Reykjavik?
84,Are there good transportation options available once I reach Reykjavik?
85,What is the best way to explore the historic district of Athens?
85,What time of year is recommended to visit Athens?
85,What are some popular desserts that I should try while in Athens?
85,Are there any public transportation systems available in Athens?
85,What are some unique cultural experiences that I can participate in while in Athens?
86,"What is the most recommended time frame to plan a trip to Casablanca, Morocco?"
86,When is the best time to visit the Hassan II Mosque for optimal views?
86,What are the options for getting around the city of Casablanca?
86,What are the local must-try dishes that I should look out for in Casablanca?
86,What are the top attractions that showcase the rich heritage and cultural significance of Casablanca?
87,What is the best season to visit Kirov for outdoor activities?
87,Are there any must-visit cultural attractions that I should know about in Kirov?
87,"I'm interested in exploring local Russian dishes in Kirov, what are some of the highlights?"
87,Could you please provide me with information on the types of public transportation available in Kirov?
87,What are some of the natural attractions and scenic spots that I can explore in the Kirov region?
88,What are some popular things to do in Marrakech?
88,What are the must-try dishes in the local cuisine of Marrakech?
88,Where can I find unique souvenirs in Marrakech?
88,What is the recommended time of year to visit Marrakech?
88,What are some ways to experience the culture and history of Marrakech?
89,"What are some popular tourist attractions in the destination of Lima, Peru?"
89,When is it recommended to visit the city in terms of optimal weather conditions?
89,What are the primary methods of transportation available to travelers in Lima?
89,"What types of food are typically served in the local cuisine of the city of Lima, Peru?"
89,"What are some activities that can be done to experience the cultural scene in Lima, Peru?"
90,What are the must-visit places in Ankara that showcase the city's history?
90,What type of local food should I try when I'm in Ankara?
90,What are the best months to travel to Ankara in terms of weather?
90,How can I get around the city once I arrive in Ankara?
90,What kind of tours are available for those interested in learning about Ankara's past?
91,What is the suggested period to visit Manama in Bahrain for the best experience?
91,Are there any historical sites in Manama that are highly recommended by tourists?
91,What type of museum can be found near the Bahrain Fort in Manama?
91,What are the modes of public transportation available in Manama for getting around the city?
91,"In Manama, what are the traditional Arabian dishes that I should try during my visit?"
92,What are some must-try foods that are characteristic of the local cuisine during my trip?
92,I want to explore the city when the weather is warm. When is the recommended time to visit?
92,What types of public transportation are available to get me around the city?
92,What significant cultural practice or value is notable in the destination that I should be aware of?
92,What are some popular places to visit that can help me understand the city's history?
93,"What are the best months of the year to visit Helsinki, Finland?"
93,What are some must-visit attractions to explore in Helsinki?
93,Can you recommend some local dishes to try while I'm in Helsinki?
93,What is the primary language spoken by locals in Helsinki?
93,How can I get around the city while traveling in Helsinki?
94,Are there any good months to visit Cairo to avoid the heat?
94,"What are some traditional dishes to try while in Cairo, Egypt?"
94,"Can I get around Cairo using public transportation, and what options are available?"
94,What are the must-see historical sites in Cairo that I should prioritize visiting?
94,"What language do most locals in Cairo speak, in case I need to communicate with them?"
95,"What are the top months recommended to visit Hanoi, considering the best time to visit?"
95,Can you suggest any must-try local dishes when visiting Hanoi for the first time?
95,What are the popular options for getting around Hanoi once I arrive?
95,I've heard great things about the scenery in Hanoi - are there any notable attractions to check out near the city?
95,What are some unique aspects of Hanoi's culture that I should be aware of before my trip?
96,What time of the year is best for visiting Zanzibar?
96,Are there any notable cultural experiences offered in Zanzibar?
96,What are my options for traveling around Zanzibar?
96,What type of food can I expect to try in Zanzibar?
96,What is the most popular part of Zanzibar to explore?
97,What is the best way to explore Valletta in Malta?
97,When is the peak season for visiting Malta?
97,What are some unique dishes I can try while in Malta?
97,Can I get around Malta using buses and other transportation options?
97,What kind of cultural experiences can I expect to have in Malta?
98,"What time of the year is best for visiting Doha, Qatar to avoid extreme temperatures?"
98,"Are there any unique local dishes that I must try during my trip to Doha, Qatar?"
98,"I'm an art enthusiast, what are some must-visit attractions to explore in Doha, Qatar?"
98,"I'm traveling to Doha, Qatar for the first time and I don't speak Arabic, will I still be able to communicate with locals?"
98,"Are there any transportation options available in Doha, Qatar for tourists apart from driving?"
99,What are the must-see places to visit in Ankara?
99,What types of food are Ankara locals known for serving?
99,What time of the year is recommended for visiting Ankara?
99,How can I get around the city of Ankara?
99,What are some cultural activities available to experience in Ankara?
100,"What are some popular activities to do while visiting Qaqortoq, Greenland?"
100,What are some must-visit attractions to explore in Qaqortoq?
100,What types of local cuisine can I expect to find in Qaqortoq?
100,What are the best months to travel to Qaqortoq for optimal weather?
100,What languages are commonly spoken in Qaqortoq that I should be prepared to communicate in?
101,What are the most well-known historical sites I can visit in Luxembourg City?
101,What are the traditional dishes I should try when I visit the place?
101,Are there English guided cultural tours available in Luxembourg City?
101,What is the best mode of public transportation in Luxembourg City?
101,What are the coordinates that I should enter into my GPS device when driving to Luxembourg City?
102,In what months of the year is Quebec City most suitable for a visit?
102,What is a popular dish originating from Quebec City that I should try?
102,Are the locals in Quebec City able to communicate in English?
102,What are some ways I can get around Quebec City without a car?
102,Can I participate in cultural events while visiting Quebec City?
103,What time of the year should I plan my trip to experience the city's local culture?
103,Are there any unique art scenes in the city I should know about?
103,"Besides the English language, what languages can I expect to hear spoken by locals?"
103,What are some of the mainstream transport options available at my disposal?
103,Can you tell me some of the signature attractions the city of Yerevan has to offer?
104,"What are the best months to plan a trip to Lilongwe, Malawi?"
104,What can I expect from the local markets in terms of atmosphere?
104,What local food should I definitely try when visiting Lilongwe?
104,Are there any cultural activities or experiences available in Lilongwe?
104,"How can I get around Lilongwe, and what transportation options are available?"
105,"What is the best season to travel to Tbilisi, Georgia to experience the optimal weather?"
105,"What are the most famous traditional dishes in Tbilisi, Georgia?"
105,"What are some popular activities I can participate in when visiting Tbilisi, Georgia?"
105,"What type of public transportation can I use to get around Tbilisi, Georgia?"
105,"What are the names of two famous popular attractions I can visit in Tbilisi, Georgia?"
106,"What time of the year would be ideal for my trip to Hamilton, Canada?"
106,Could you please suggest some activities to enjoy in the outdoors during my visit to Hamilton?
106,What are some of the most iconic places that I should visit during my stay in Hamilton?
106,I'm thinking about trying some local food in Hamilton. What are some dishes I should not miss?
106,What transportation options do I have available to travel within Hamilton?
107,What are some must-visit places of interest in Riga that showcase the local culture?
107,What are some traditional dishes I should try while visiting Riga?
107,"Can I get around the city of Riga using public transportation, and if so, what options are available?"
107,What is the best time of the year to experience the full range of cultural events Riga has to offer?
107,What languages can I expect locals to speak when communicating with them in Riga?
108,What is the geographic location of Asuncion in terms of its coordinates?
108,What is the best way to get around Asuncion in terms of transportation?
108,What types of activities can I expect to enjoy in Asuncion?
108,What are some must-try local dishes I should eat while in Asuncion?
108,What time of the year is ideal to visit and experience Asuncion's vibrant nightlife?
109,What is the best time to visit Dhaka for a pleasant weather experience?
109,Can you recommend any must-try dishes at local eateries in Dhaka?
109,What types of transportation options are available in Dhaka for tourists?
109,What are some popular attractions to visit while exploring Dhaka?
109,What are the local languages spoken by the people of Dhaka that I should know?
110,What is the best time of the year to visit Lagos in Nigeria and what can I expect from the weather during that time?
110,"What kinds of local dishes should I definitely try during my trip to Lagos, Nigeria?"
110,"Are there any cultural festivals that I should not miss during my visit to Lagos, Nigeria?"
110,"Where can I check out live music and what kind of nightlife does Lagos, Nigeria offer?"
110,"What are some of the top attractions to visit in Lagos, Nigeria and what can I expect to see there?"
111,What are some popular dishes I should try while I'm in Stockholm?
111,Are there any popular cultural events I can participate in during my visit?
111,"How do I get around the city, and are there any options available for water travel?"
111,What time of year would you recommend visiting Stockholm for the best experience?
111,Are there any museums or historical sites I should consider visiting while in Stockholm?
112,What are some of the popular cultural festivals and events that I can experience when I visit Brussels?
112,Is there a special time in the year that is recommended to visit this destination?
112,What are some of the main language spoken by locals in Brussels?
112,"What kind of dining experience can I expect, and are there any local specialties I should try?"
112,Are there any specific shopping or scenic spots near popular attractions that I should be aware of?
113,Can I take a romantic walk on Charles Bridge without bumping into the crowds?
113,Are there historical guided tours available during early mornings in Prague?
113,What is the most ideal time of year for visiting tourist attractions such as Prague Castle?
113,"Is it convenient to explore Old Town Square on foot, or are there other forms of transportation available?"
113,Are there any local foods similar to pastries or desserts that I should try while visiting Prague?
114,What is the location of Copenhagen in terms of coordinates?
114,What are some of the popular foods to try when visiting Copenhagen?
114,What are some popular attractions to check out in Copenhagen?
114,What time of the year would be best to plan a visit to Copenhagen?
114,What mode of transportation options are available in Copenhagen?
115,What is the best way to see wildlife at Nairobi National Park?
115,"What local dishes should I try during my trip to Nairobi, Kenya?"
115,Can you recommend any popular wildlife sanctuaries I can visit in Nairobi?
115,What are the most commonly used modes of transportation in Nairobi?
115,"What months of the year have the best climate for visiting Nairobi, Kenya?"
116,What are some of the must-try food items I should look out for when I'm in Melbourne?
116,What are the best months of the year to plan my trip to Melbourne?
116,What are some popular modes of transportation that I can use to get around Melbourne?
116,What are some of the top cultural events and exhibitions that I can participate in or attend in Melbourne?
116,What are some of the notable locations in Melbourne that I should prioritize when planning my itinerary?
117,What are the local transportation options to get around in Mumbai?
117,What time of year is recommended to visit Mumbai for favorable weather?
117,Are there English speakers available in Mumbai to assist tourists?
117,What are some popular historical sites to visit in Mumbai?
117,What are some local Mumbai street foods that I should try during my visit?
118,What is a must-visit place in Los Angeles for those who love watching movies?
118,What time of the year is ideal for traveling to Los Angeles?
118,What modes of transportation are available to get around Los Angeles?
118,What is special about the cultural scene in Los Angeles?
118,What are some popular types of food I should try when visiting Los Angeles?
119,What are the best months to plan a trip to Mexico City?
119,Are there any notable transportation options available in Mexico City?
119,What are some cultural highlights to explore in Mexico City?
119,Can you recommend some popular sites to visit during my trip to Mexico City?
119,What kind of local culinary experiences should I expect while visiting Mexico City?
120,What are the popular transportation methods to get around in the destination I'm planning to visit in Vietnam?
120,"I want to try some local dishes during my trip, what are some recommended local cuisines that I shouldn't miss in the city?"
120,What's the best time frame to travel to this destination to avoid bad weather and have a comfortable trip?
120,"I'm interested in learning about the cultural significance of the destination, can you tell me more about its historical importance?"
120,"I heard that there's a famous market in the city, can you recommend a specific market to visit for local crafts and shopping?"
121,"What is the best time of the year to plan a trip to Cape Town, South Africa?"
121,What are some must-try local dishes when visiting Cape Town?
121,Are there any cultural events or festivals that I can attend during my stay in Cape Town?
121,How can I get around the city once I arrive in Cape Town?
121,What are some of the unique natural features or landmarks that I should not miss when visiting Cape Town?
122,What are some local dishes that I should try during my trip to Singapore?
122,Can you provide me with the geographical coordinates of Singapore?
122,What is the primary attraction in Singapore that features a unique blend of modern architecture and natural beauty?
122,How can I get around Singapore without a car?
122,What time of the year should I avoid visiting Singapore due to potential weather issues?
123,What is the most convenient way to get around Bogota?
123,Can you recommend the top dishes I should try when visiting Bogota?
123,What are the must-see places for outdoor activities and cultural exploration in Bogota?
123,What is the recommended time to plan my trip to Bogota to experience local events?
123,What language should I expect to use during my interactions with locals in Bogota?
124,What are the must-visit historical sites in Tunis?
124,What months of the year are ideal for traveling to Tunis?
124,Are there any local modes of public transportation in Tunis for tourists?
124,What are the native languages spoken by the people of Tunis?
124,What are the most famous local dishes to try while visiting Tunis?
125,"What is the best time to visit Seoul, South Korea?"
125,What are the local cuisine highlights to try while in Seoul?
125,What transportation options are available in Seoul?
125,What are some popular cultural activities to do in Seoul?
125,During what months can I catch the changing of the guard ceremony at Gyeongbokgung Palace?
126,What time of the year is best to visit Abidjan?
126,What are some must-try local dishes when visiting Abidjan?
126,What are the popular transportation options available in Abidjan?
126,What are some unique cultural experiences I can explore in Abidjan?
126,Are there any beaches or coastal activities that I shouldn't miss when visiting Abidjan?
127,What is the best time to visit Manama in Bahrain to avoid the heat?
127,How would you describe the local cuisine in terms of must-try dishes?
127,What are some popular historical sites that I should consider visiting in Manama?
127,"I plan to explore the city, what are my options for public transportation in Manama?"
127,What cultural experiences should I look out for to get a sense of the modern and traditional aspects of Manama?
128,What is the best time of the year to visit Quebec City in Canada for the best experience?
128,"How can I travel to Quebec City using public transportation, and what options are available?"
128,"I am planning to visit Quebec City in Canada, what are the must-see attractions I should consider?"
128,What unique cultural events can I participate in during my trip to Quebec City in Canada?
128,What type of food can I expect to taste during my visit to Quebec City in Canada?
129,"What are some local dishes I should try during my visit to Auckland, New Zealand?"
129,I'm planning to visit Auckland and I'm interested in trying adventure sports. What time of the year would be best to visit?
129,"What are some of the most popular places I can visit in Auckland, New Zealand?"
129,What are some of the unique cultural highlights that Auckland has to offer?
129,"What are the common modes of public transportation in Auckland, New Zealand?"
130,What type of vehicles are commonly associated with the city of Havana?
130,What are the recommended months to plan a trip to Havana?
130,What types of transportation services are available to get around the city?
130,Can you describe some popular dishes that I can try while I'm in Havana?
130,What are some popular sites and attractions that I should visit during my trip to Havana?
131,"What are the local markets in Khartoum like, and what can I expect to experience when I visit them?"
131,What is the significance of the confluence of two rivers in the area?
131,What types of dishes should I try when sampling the local cuisine?
131,How do I get around the city once I arrive?
131,What time of the year has the best weather conditions for exploring the local attractions?
132,"What are the popular transportation options in Dhaka, Bangladesh?"
132,Could you provide the best time frame to plan a trip to see the rickshaw art in Dhaka?
132,"What are the must-try local cuisine when visiting Dhaka, Bangladesh?"
132,"Are there any historical sites to explore while visiting Dhaka, and what are they?"
132,"What languages can I expect to hear or use while traveling in Dhaka, Bangladesh?"
133,What attractions should I visit in Nassau to make the most of my trip?
133,"Are there any specific events or festivals I should plan my visit around in Nassau, Bahamas?"
133,What are some unique souvenirs that I can bring back from Nassau?
133,"What kind of meals can I expect to find in Nassau, and are there any local specialties?"
133,I plan to travel to Nassau in August. Is the weather favorable for outdoor activities?
134,"When is the recommended time to visit the destination of Doha, Qatar?"
134,"Which locations in Doha, Qatar would be suitable for dining near the water?"
134,"What types of events are available for tourists to experience in the destination of Doha, Qatar?"
134,"In Doha, Qatar, what are some examples of notable local dishes to try?"
134,"What type of buildings or structures are a prominent aspect of Qatari culture in Doha, Qatar?"
135,What are some top attractions to visit while I'm in Cairo?
135,"What type of cuisine should I be prepared to eat while I'm in Cairo, Egypt?"
135,What are my options to get around the city of Cairo?
135,Are there any specific activities that I can participate in along the Nile River?
135,What month would be a good time to visit Cairo if I want to avoid the heat and experience good weather?
136,"What are the coordinates to help me find the exact location of Windhoek, Namibia?"
136,"What is the most ideal time of the year for a visit to Windhoek, Namibia?"
136,Are there any museums that I can visit to learn about Namibia's history in Windhoek?
136,What types of dishes should I try when I'm trying the local cuisine of Windhoek?
136,"Are there other languages spoken in Windhoek, apart from English?"
137,"What time of the year offers the most pleasant weather in Tbilisi, Georgia?"
137,What are some must-try local dishes when visiting Tbilisi?
137,What are the primary modes of public transportation available in Tbilisi?
137,What are some of the top attractions to visit in Tbilisi for historical and cultural significance?
137,What activities can I participate in to experience the unique traditions and scenic views of Tbilisi?
138,"What are the geographical coordinates of Sucre, Bolivia?"
138,Could you help me find the best time to explore Sucre's colonial architecture?
138,"What local food items would you recommend trying when visiting Sucre, Bolivia?"
138,What are some ways I can get around the city once I arrive in Sucre?
138,What are the two popular historical places I shouldn't miss when visiting Sucre?
139,"What are the top local dishes I should try while visiting Batumi, Georgia?"
139,What is the weather like during the best time to visit Batumi?
139,What are the notable landmarks along the coastline in Batumi?
139,What modes of public transportation are available in Batumi?
139,What type of events can I attend in Batumi aside from beach activities?
140,"What are the popular attractions I shouldn't miss when traveling to Accra, Ghana?"
140,What are the months with the best weather to visit Accra?
140,What local dishes should I try when visiting Accra?
140,What are some of the cultural experiences I can have in Accra?
140,How can I get around the city of Accra?
141,What are the famous modes of local transportation in Lisbon?
141,Can you recommend any popular historical sites in the city of Lisbon?
141,"I am planning to travel to Lisbon in November, is the weather still pleasant?"
141,What are some traditional Portuguese food I should try when I am in Lisbon?
141,"I am looking for activities that showcase Lisbon's historic landmarks, what options are available?"
142,"What are some must-try dishes when visiting Maseru, Lesotho?"
142,What are the coordinates for mapping the location of Maseru in Lesotho?
142,What is the best season for hiking in Maseru and what months does it cover?
142,What are some popular scenic attractions to explore in Maseru?
142,What types of guided excursions can tourists participate in while in Maseru?
143,What are some must-visit historical sites in Tunis?
143,How would you describe the local culture in the city?
143,What type of transportation is most convenient in Tunis?
143,Can you name a dish that I should try while visiting?
143,What are the best months to explore Tunis and why?
144,What is notable about the Kasbah in Algiers?
144,What months are recommended to visit Algiers?
144,What can I experience by walking through Algiers' narrow streets?
144,Are there religious architectural landmarks to see in Algiers?
144,What are some types of guided tour options available in Algiers?
145,What are some attractions that I should consider visiting when in Zimbabwe's capital city?
145,What are the top recommended months to visit Harare for the best experience?
145,"How can I get around the city once I arrive, and what are the local transportation options available?"
145,"What are some unique dishes that I should try while in Harare, and what are they known for?"
145,What are some activities that I can participate in to fully immerse myself in the local culture and learn more about it?
146,"What is the name of the square that I should definitely visit in Samarkand, Uzbekistan, and at what time of day is recommended for touring?"
146,"Are there any month or season recommendations for a trip to Samarkand, Uzbekistan?"
146,What are some must-try dishes of the local cuisine in Samarkand?
146,"What are my choices for transportation options once I arrive in Samarkand, Uzbekistan?"
146,What historical sites or other activities are available during my visit to Samarkand?
147,What time of the year is best to visit the city?
147,What foods should I try when I'm in the city for a taste of local cuisine?
147,What language do most people speak in the city?
147,Can I use public transportation options such as buses and metro lines to navigate the city?
147,What kind of events and tours can I participate in when I'm in the city?
148,What are the vibrant aspects of Asunción's nightlife?
148,What are some local dishes I should try when I visit Asunción?
148,What time of the year is best to visit Asunción for a great experience?
148,What are the names of the local dishes I should try at restaurants in Asunción?
148,What transportation options are available to get around Asunción?
149,What should I prioritize when visiting Nairobi National Park to see wildlife?
149,Is there a specific month range recommended for traveling to Nairobi?
149,What are some local dishes I should expect to find during my visit to Nairobi?
149,Are there any popular spots for interacting with or learning about wildlife in Nairobi?
149,Are there multiple transportation options available throughout Nairobi?
150,"What are the top two must-see attractions in Siem Reap, Cambodia based on popular reviews?"
150,Are there any specific months in the year that are considered the best time to plan a visit to Siem Reap?
150,"I am interested in local cuisine, what traditional dishes are a must-try in Siem Reap?"
150,What form of local transportation can I expect to use frequently during my visit to Siem Reap?
150,Are there any specific tips or recommendations to minimize crowd presence while visiting Siem Reap's popular sites?
151,"What are some must-try local food items when I visit Ankara, Turkey?"
151,What time of the year is ideal for visiting Ankara in terms of the weather?
151,"How do I get around the city once I'm in Ankara, Turkey?"
151,"I'm interested in exploring historical places, what popular attractions should I look out for in Ankara?"
151,"What type of activities can I expect to be available when I visit Ankara, Turkey?"
152,What time of year is recommended to visit Helsinki for optimal weather conditions?
152,What are some popular food items that reflect Helsinki's local cuisine?
152,What languages can I expect to hear locals speaking in Helsinki?
152,What types of activities are available for tourists to enjoy in Helsinki?
152,What are some popular landmarks or sites that I should consider visiting in Helsinki?
153,What is the best period of the year to plan a visit to Kinshasa?
153,What are some popular local dishes that I should try when I visit Kinshasa?
153,Are there any tips for exploring the local markets and what can I find there?
153,What are some of the must-visit places to explore the arts and culture scene in Kinshasa?
153,What modes of transportation are commonly used in Kinshasa to get around?
154,What are some outdoor activities I can do when I visit Vancouver?
154,"What is the best time of the year to visit Vancouver, Canada?"
154,What are the local foods that I should try when I am in Vancouver?
154,"How can I get around the city, what are my transportation options in Vancouver?"
154,What are some must-see places to include in my Vancouver travel itinerary?
155,What is a great time to visit the city's attractions to make the most of the natural lighting?
155,Which are the popular dish I must try while I am in the city?
155,What mode of transportation should I take to move around the city?
155,What are some of the historical sites to explore in the city?
155,Are there available cultural tours in the city that I can join?
156,"What is the best way to experience the stunning views from Table Mountain in Cape Town, South Africa?"
156,What are some of the unique South African dishes I should try when visiting Cape Town?
156,What months of the year are recommended to visit Cape Town for the best experience?
156,"What type of public transportation can I expect to find in Cape Town, South Africa?"
156,What are some popular activities to engage with the local culture and natural environment in Cape Town?
157,What time of year should I plan to visit Munich to attend the famous cultural event mentioned in the review?
157,What are the names of some types of food that I should look to try during my trip?
157,How can I get around the city once I have arrived in Munich?
157,What are some activities that I can participate in during my trip to Munich?
157,Are there any famous landmarks that I should plan to visit during my trip?
158,What are some popular attractions to visit in Honolulu?
158,What is the best time of year to visit Honolulu for optimal weather?
158,Can you recommend any local cuisine that I should try while in Honolulu?
158,What are the primary transportation options available for getting around Honolulu?
158,Are there any specific language requirements or dialects that I should be aware of before visiting Honolulu?
159,What are the months during which Brasilia has the best weather for visiting?
159,Can you recommend a unique way to experience the city's attractions?
159,What are some landmarks in Brasilia that showcase its cultural significance?
159,"Do I need to speak English to navigate Brasilia, or is another language more commonly used?"
159,What are some local dishes that I should definitely try when visiting Brasilia?
160,"What parts of Tunis, Tunisia, have been recognized by UNESCO?"
160,"Besides visiting museums and historical sites, what other activities can I do in Tunis?"
160,What kinds of food can I expect to find when trying the local cuisine of Tunis?
160,"I'm planning a trip to Tunis and I want to make the most of it. When is the best time to visit this destination, considering factors that influence travel such as weather?"
160,Are there any local markets or shopping areas in Tunis that I should look out for to find some unique souvenirs?
161,"What kind of food can I expect to find when visiting la paz, bolivia?"
161,What time of the year is best to visit la paz?
161,How do I acclimatize to high altitude when visiting la paz?
161,Can I use english when communicating with locals in la paz?
161,"What are some popular things to do when I visit la paz, bolivia?"
162,What time of year can I witness the famous cherry blossom season in my desired destination?
162,"I'm particularly excited about trying local dishes, are sushi and ramen must-try foods around there?"
162,Trying to get the best views of the city - is Tokyo Tower indeed a significant spot?
162,"Understanding that Japanese may be the primary spoken language, can I still easily communicate in English?"
162,"Considering I've planned my trip, what available public transportation options can I rely on in the city?"
163,What is the best way to explore the city of Georgetown in Malaysia?
163,Could you recommend the best months to plan a trip to experience the city's vibrant culture?
163,What local dishes should I definitely try when visiting Georgetown?
163,Are there any alternative transportation options available other than buses and trains in Georgetown?
163,What are the primary languages spoken by locals in Georgetown that tourists should be aware of?
164,"What are some unique things to experience while visiting Stockholm, Sweden?"
164,Which time of the year is best to visit Stockholm to enjoy its stunning natural scenery?
164,"Can I get around the city using public transportation, and if so, what options are available?"
164,What are some iconic dishes I need to try while visiting Stockholm?
164,What are some must-see attractions I should prioritize during my visit to Stockholm?
165,What time of year is best to visit Tbilisi if I want to avoid extreme weather?
165,What type of attractions can I expect to see when I visit Old Tbilisi?
165,Are there any unique dishes I should try while I'm in Tbilisi?
165,Can I get around Tbilisi using the public transportation system?
165,Are there any specific activities available in Tbilisi that focus on local traditions?
166,"What are the top two local dishes I should try when visiting Yangon, Myanmar?"
166,Can you recommend the best time of day to visit the Shwedagon Pagoda?
166,What are the options for getting around Yangon besides walking?
166,"What months of the year would be the best time to plan my trip to Yangon, Myanmar?"
166,What are some activity options for visitors who are interested in learning more about Yangon's history?
167,What time of the year is recommended to visit to enjoy outdoor activities in Malmo?
167,Can you tell me what type of architectural styles can be seen in Malmo's popular buildings?
167,What are some common food items one can expect to find in Swedish restaurants in Malmo?
167,"How do I get around the city using public transportation in Malmo, Sweden?"
167,What types of leisure activities are available for tourists to enjoy at the popular Ribersborgsstranden?
168,"What are the top recommended dishes to try when visiting Lima, Peru?"
168,"Can I use public transportation to get around Lima, and what options are available?"
168,I'm interested in exploring the local culture. Are there any specific months that are ideal for visiting Lima?
168,What are some of the must-visit attractions that I should add to my itinerary when traveling to Lima?
168,Are there any guided activities available in Lima that focus on exploring the local food scene?
169,"What are some of the must-see attractions to visit while traveling in Oslo, Norway?"
169,I'm interested in trying the local cuisine of Oslo; can you provide some information on traditional Norwegian dishes?
169,"What form of public transportation can I expect to find in Oslo, Norway?"
169,I'm wondering about the city's outdoor recreational opportunities; are there any exciting activities available to visitors of Oslo?
169,"What is the best time of the year to plan a trip to Oslo, Norway, in order to make the most of my visit?"
170,What is the best way to experience the local culture in Guadalajara?
170,What festivals can I attend during my visit from October to March?
170,Can I get by without speaking Spanish during my trip?
170,What popular attractions can I visit to learn more about the rich heritage of Guadalajara?
170,What transportation options are available for me to get around Guadalajara?
171,"What is a highly recommended local dish to try when visiting Panama City, Panama?"
171,I'm planning to visit Panama City in June. Is this a good time of the year to travel to the city?
171,"How can I travel within Panama City, and what types of public transportation are available?"
171,What is the name of the part of the Panama Canal that offers the best views for visitors?
171,"What is the primary language spoken in Panama City, and will I need a translator guide to navigate the city?"
172,What are the geographical coordinates of my destination?
172,Can you recommend any cultural activities to participate in?
172,What are the popular sights that I shouldn't miss during my visit?
172,What is the primary spice used in the local cuisine of my destination?
172,What are the options available for getting around the city?
173,"What months of the year are best to visit Harare, Zimbabwe?"
173,What local transportation options are available for tourists in Harare?
173,"What kind of food can I expect to find in Harare, and are there any must-try dishes?"
173,What types of activities can I participate in while visiting Harare?
173,What kind of markets or shopping destinations are recommended for tourists in Harare?
174,"What are the highlights of local cuisine when traveling to Beirut, Lebanon?"
174,What is the best time of the year for a visit to Beirut?
174,What types of transportation can I use while exploring Beirut?
174,What are some popular attractions that I should not miss while visiting Beirut?
174,What are some activities or experiences that I can look forward to in Beirut?
175,When is the best time to plan a trip to Montevideo to experience the vibrant celebrations?
175,I've heard great things about the food in Uruguay - what are some must-try dishes when visiting Montevideo?
175,I'm looking for something historic to visit in the city - are there any popular attractions I shouldn't miss?
175,What are some fun activities that allow me to immerse myself in the local culture of Montevideo?
175,How do people typically get around the city - what are the most popular transportation options available?
176,"What are some recommended activities to enjoy the stunning landscapes in Nuuk, Greenland?"
176,Can you suggest the best time of the year to explore the fjords in Nuuk?
176,"How can I travel around Nuuk, Greenland using public transportation options?"
176,What local delicious dishes can I expect to try during my visit to Nuuk?
176,Are there any museums or cultural institutions in Nuuk where I can learn more about the local history and culture?
177,"What time of the year is best to plan my trip to Accra, Ghana?"
177,Can you tell me some famous attractions I should visit during my trip to Accra?
177,What are some cultural activities that I can experience when I visit Accra?
177,"Are there English speakers in Accra, Ghana, or do I need to learn another language?"
177,What kind of local food should I try during my stay in Accra?
178,"What are the most popular outdoor activities that I can do in Vladivostok, Russia?"
178,"I'm planning a trip to Vladivostok, are there any must-try dishes of the local cuisine that I shouldn't miss?"
178,"I'm not sure when to visit Vladivostok, could you tell me what time of the year has the best weather?"
178,"I've heard the views in Vladivostok are beautiful, what are some of the top attractions that offer great scenic views?"
178,"I'm looking for ways to get around Vladivostok, what public transportation options are available in the city?"
179,"What are the must-try local dishes when I visit Astana, Kazakhstan?"
179,What is the best time of the year to experience the local cultural festivals in Astana?
179,"What architectural features can I expect to see in Astana, Kazakhstan?"
179,What transportation options will be available to me when I arrive in Astana?
179,What activities can I participate in to learn more about the city's cultural heritage?
180,What are the top recommended activities to participate in for a memorable experience in Tbilisi?
180,"What types of transportation can I use to get around Tbilisi, especially when visiting popular tourist sites?"
180,What are some popular cultural highlights and traditions I should know about before visiting the city?
180,What are some must-try foods I should look out for when sampling the local Georgian cuisine in Tbilisi?
180,What is the best time of the year to plan a trip to Tbilisi for optimal travel conditions?
181,What month is recommended to plan a visit to Quebec City for the best experience?
181,Can you tell me about some must-try foods when I am in Quebec City?
181,How do people usually commute within Quebec City?
181,What are some of the top attractions I should consider visiting in Quebec City?
181,Can you tell me about some events I can look forward to in Quebec City during my visit?
182,What time of the year is it best to visit Vilnius?
182,What are the local cuisine highlights that Vilnius has to offer?
182,Are there any exciting UNESCO World Heritage sites in Vilnius?
182,Can you tell me the popular attractions I should not miss in Vilnius?
182,What type of transportation options are available in Vilnius city?
183,"What are some popular attractions I can visit in Zurich, Switzerland?"
183,Which months offer the best weather for visiting this city in the summer?
183,How can I get around the city using public transportation?
183,Are there any local dishes I should try while visiting this destination?
183,What are some popular activities that I can participate in while in Zurich?
184,What months are best for visiting Auckland in terms of outdoor activities?
184,What attractions are 'must-visit' for first-time travelers to Auckland?
184,How do I get to Waiheke Island from Auckland city center?
184,Are there any unique or special foods I should try during my visit to Auckland?
184,What are the other official language spoken in Auckland besides English?
185,"What are the best places to visit in Lilongwe, Malawi, to experience its local culture?"
185,How can I travel around Lilongwe and what transportation options are available?
185,What traditional Malawian dishes can I try at local food stalls in Lilongwe?
185,What are the best months to visit Lilongwe for the most enjoyable weather?
185,How many languages can I expect to hear spoken by locals during my trip to Lilongwe?
186,What are some of the popular attractions I should check out during my visit to the destination?
186,"What can you tell me about local food, is Dolma something I will find often in local markets?"
186,What is the range of months that are best to travel to the destination?
186,What type of transportation options will I have once I arrive at the destination?
186,"Is English widely spoken, or are there other languages I should know to communicate effectively in the region?"
187,"What is the best time of the year to visit Jaipur, India, considering the weather?"
187,What are the popular palaces and historical sites that I can expect to visit in Jaipur?
187,"What types of local cuisine can I experience when I travel to Jaipur, India?"
187,What modes of public transportation can I use to get around the city of Jaipur?
187,"What types of cultural activities can I expect to participate in when I visit Jaipur, India?"
188,"Can you recommend any popular attractions to visit in Wellington, and what are some of the unique sights to expect?"
188,"What kind of food experiences should I expect while traveling to Wellington, New Zealand, and what local dishes are a must-try?"
188,"I'm planning a trip to New Zealand and I'd like to know the best time of year to visit Wellington, are there specific months or seasons I should aim for?"
188,"What kind of cultural experiences can I expect in Wellington in terms of art and scenic views, and what activities can I take part in to explore these aspects?"
188,"What are some essential transportation options to get around Wellington, and will I need to learn any specific language to get by while I'm there?"
189,What are the best months to visit this city in South Korea?
189,What are the typical food options available at Gwangjang Market?
189,What is the name of the palace that is one of the city's most popular tourist attractions?
189,How would you describe the overall atmosphere of this city?
189,What type of transportation options are commonly used to get around this city?
190,"What is the dry season in Freetown, and when is the best time to visit?"
190,What are some of the local dishes I should try when I visit Freetown?
190,"What kind of activities can I participate in on the beaches of Freetown, Sierra Leone?"
190,I'm planning to travel to Freetown. Which mode of transportation will I likely be using?
190,What is the geographical location of Freetown in terms of latitude and longitude?
191,"What is the best time of year to visit Copenhagen, Denmark?"
191,What are some of the most popular places to visit in Copenhagen?
191,"What languages can I expect to hear spoken in Copenhagen, and will English be widely understood?"
191,What kind of local food can I expect to try when visiting Copenhagen?
191,What types of transportation options will be available to me when traveling in Copenhagen?
192,"What are the coordinates of the location I am planning to visit in Cartagena, Colombia?"
192,What months of the year are recommended for visiting Cartagena for sightseeing?
192,What kind of local cuisine should I expect to find when I travel to Cartagena?
192,What modes of public transportation can I use when navigating the city of Cartagena?
192,"What historical sites or cultural activities can I explore while I am visiting Cartagena, Colombia?"
193,"What are some popular attractions I should visit when I travel to Prague, Czech Republic?"
193,I'm planning to visit Prague - what's the most iconic landmark I shouldn't miss?
193,What are the best transportation options available to get around the city?
193,What's the recommended time to visit Prague to enjoy pleasant weather?
193,"What type of local food or cuisine should I try when I get to Prague, Czech Republic?"
194,"What is the name of the famous palace in Split, Croatia that I should not miss?"
194,What months of the year are best for visiting Split to enjoy the beach?
194,What are the two popular types of transportation available in Split?
194,What are some must-try dishes that showcase the local cuisine of Split?
194,"What are the geographic coordinates of Split, Croatia?"
195,What time of the year is best for visiting Accra to enjoy the festivals and local music scene?
195,"Can you please suggest some local dishes to try when I visit Accra, Ghana?"
195,What are some popular tourist attractions that I should not miss when I travel to Accra?
195,What mode of transportation can I expect to use to travel around the city of Accra?
195,"What kind of cultural experiences can I expect to have in Accra, Ghana, and what kind of events are available?"
196,"What is the best time of year to visit Nassau, Bahamas to ensure a pleasant stay?"
196,"Are there any local transportation options available for tourists in Nassau, Bahamas?"
196,"What are the names of some beaches in Nassau, Bahamas that are known for being stunning and relaxing?"
196,"Can I use US dollars everywhere I go in Nassau, Bahamas, or is the local currency different?"
196,"What type of food dishes should I expect to find in local restaurants during my stay in Nassau, Bahamas?"
197,"What are the major attractions I should consider visiting when I travel to Tunis, Tunisia?"
197,What are the most convenient modes of public transportation available in Tunis?
197,What is the significance of the Medina in Tunis and what should I look out for when I visit?
197,I am interested in learning more about local Tunisian food. Can you list some must try dishes when I visit?
197,"What is the ideal time to plan my visit to Tunis, considering factors like climate and tourist season?"
198,What months are recommended for visiting Zanzibar to ensure good weather?
198,Are there any local food specialties that I should try while visiting Zanzibar?
198,What type of transportation can I use to get around Zanzibar?
198,Can I easily communicate in English while visiting Zanzibar?
198,What kind of attractions can I typically find in or near Stone Town?
199,"What months of the year are considered the best time to visit Catania, Italy?"
199,What traditional Sicilian treats can I expect to find in Catania's local markets?
199,"How do I get around Catania, and what transportation options are available?"
199,"What are the cultural highlights that Catania is known for, and how can I experience them?"
199,"What popular attractions should I visit while in Catania, Italy?"
200,"What are the popular spots for relaxation in Fortaleza, Brazil?"
200,In what months does Fortaleza have the most vibrant nightlife?
200,"What types of food should I try when visiting Fortaleza, Brazil?"
200,Are there any specific events I should attend when visiting Fortaleza?
200,"What mode of public transportation is available in Fortaleza, Brazil?"
201,"What are the local foods I should try when visiting Maseru, Lesotho?"
201,"What options do I have for getting around Maseru, Lesotho?"
201,"What are some popular attractions to visit when in Maseru, Lesotho?"
201,"What outdoor activities can I participate in during my visit to Maseru, Lesotho?"
201,"What are the two main languages spoken by locals in Maseru, Lesotho?"
202,What is a must-see tourist attraction in Osaka that combines local culture and amusement?
202,"What time of the year is best for tourists to visit Osaka, considering the season and weather?"
202,In what type of setting can I experience and savor local food specialties in Osaka?
202,What are my travel options for getting around Osaka once I arrive?
202,Are there any local customs or cultural events that I should be aware of to blend in with the locals?
203,What is the recommended time of the year to visit Luanda for good weather?
203,What local dishes should I try while visiting Luanda?
203,What are some popular tourist attractions to visit in Luanda?
203,What modes of transportation are available in Luanda for getting around?
203,What cultural activities can I participate in while visiting Luanda?
204,What months of the year are considered the best time to visit Nairobi?
204,Where can I experience the wildlife of Nairobi?
204,What local foods should I try during my stay in Nairobi?
204,Is there more than one language spoken in Nairobi and what are they?
204,What type of tours are available in Nairobi for those interested in understanding the culture?
205,"What are some popular attractions I shouldn't miss when visiting Lima, Peru?"
205,When is the best time to visit Lima to get the most out of my trip?
205,"I'm looking for a great cultural experience, what activities are available in Lima?"
205,What are some highly recommended local dishes I should try while in Lima?
205,What is the primary mode of public transportation used by locals in Lima?
206,What local markets would you recommend visiting to experience the local cuisine and crafts?
206,Are there any unique activities that incorporate the local culture?
206,Can you provide information on the best times to take a cultural tour in Nairobi?
206,What are the local specialties for street food or snacks?
206,Are there any notable wildlife conservation centers that I can visit?
207,"What are some popular local dishes to try while visiting Abidjan, Ivory Coast?"
207,When is the best time of the year to plan a trip to Abidjan and experience its vibrant culture?
207,Are there any specific festivals or events that I should consider visiting for a more immersive experience?
207,What kind of transportation options are available to get around the city?
207,Can I expect to see any historical landmarks or architectural icons while exploring Abidjan?
208,What are the popular attractions I can visit when I travel to the destination?
208,What time of year is best for visiting my destination city?
208,"I'd like to immerse myself in the culture, what are some cultural highlights I can experience?"
208,What are the best modes of transportation available in the destination city?
208,What are some delicious local food items I should try when I am at my destination?
209,What months of the year would be ideal for visiting Khartoum in terms of the weather?
209,What are some of the unique cultural experiences I can expect to have in Khartoum?
209,What local dish containing fava beans should I not miss trying in Khartoum?
209,What body of water is divided at a location that I should definitely visit while in Khartoum?
209,What is a common way for visitors to get around the city of Khartoum?
210,What time of year should I plan my trip to Harare to have the best experience?
210,"Are there any local dishes I should try when I'm in Harare, Zimbabwe?"
210,What types of public transportation are available to get around Harare?
210,Are there any specific cultural events or activities that I shouldn't miss in Harare?
210,What languages should I expect to hear spoken during my trip to Harare?
211,What type of nights is recommended to visit for dancing in Buenos Aires?
211,"What is a can't-miss experience according to the user review for Buenos Aires, Argentina?"
211,"What are the months of the year when it is recommended to visit Buenos Aires, Argentina?"
211,"What options are available for tourists who want to navigate Buenos Aires, Argentina using public transportation?"
211,"What type of tours are available for tourists who want to experience the culture of Buenos Aires, Argentina?"
212,"I'm planning a trip to Lisbon, what are the must-visit attractions for a first-timer?"
212,Can you recommend the unique local cuisine I should try when visiting Lisbon?
212,What is the best way to get around Lisbon once I arrive?
212,"I'm interested in learning about Lisbon's cultural aspects, what are some highlights I should know about?"
212,"If I prefer a mix of good weather and smaller crowds, when should I plan my trip to Lisbon?"
213,"What are some must-visit places to see when I travel to Athens, Greece?"
213,What time of the year should I avoid visiting Athens to escape the peak tourist season?
213,What are the local dishes I should definitely try while in Athens?
213,"What options do I have for getting around Athens, especially from one popular attraction to another?"
213,What are some cultural experiences or activities I can enjoy while in Athens?
214,What are the must-visit attractions in Yangon during cultural tours?
214,When is the best time to visit Yangon to experience the local festivals?
214,"What are the primary languages spoken by the locals in Yangon, Myanmar?"
214,What are the popular local dishes that visitors to Yangon should try?
214,What are the different transportation options available to travel within Yangon?
215,What are the best months to visit doha for optimal weather?
215,What popular museums can i find in doha?
215,"I'm visiting doha in May, what tip can you provide for this time?"
215,Are there any ancient cultural heritage sites to explore in doha?
215,What public transportation options are available from the airport?
